timestamp,channel_id,capacity,local_balance,remote_balance,balance_ratio,tx_count,success_rate,avg_amount,optimal_ratio,adjustment_needed
2025-03-05T17:11:12.104587,lnd-bob_02cc9501,1000000,956346,43654,0.956346,0,0.9,1000,0.5,-0.45634600000000003
2025-03-05T17:11:12.104589,lnd-bob_02d11237,1000000,983583,16417,0.983583,0,0.9,1000,0.5,-0.483583
2025-03-05T17:11:12.104591,lnd-bob_03167184,1000000,23542,976458,0.023542,0,0.9,1000,0.5,0.476458
2025-03-05T17:11:12.104593,lnd-eve_02a1b188,1000000,40183,959817,0.040183,0,0.9,1000,0.5,0.459817
2025-03-05T17:11:12.104594,lnd-eve_03167184,1000000,964072,35928,0.964072,0,0.9,1000,0.5,-0.46407200000000004
2025-03-05T17:11:12.104644,lnd-eve_03ea537d,1000000,28084,971916,0.028084,0,0.9,1000,0.5,0.471916
2025-03-05T17:11:12.104648,lnd-alice_02a1b188,1000000,972987,27013,0.972987,0,0.9,1000,0.5,-0.47298700000000005
2025-03-05T17:11:12.104652,lnd-alice_02cc9501,1000000,32457,967543,0.032457,0,0.9,1000,0.5,0.467543
2025-03-05T17:11:12.104654,lnd-alice_02d11237,1000000,947080,52920,0.94708,0,0.9,1000,0.5,-0.44708000000000003
2025-03-05T17:11:12.104656,lnd-bob_02cc9501,1000000,956346,43654,0.956346,0,0.9,1000,0.5,-0.45634600000000003
2025-03-05T17:11:12.104658,lnd-bob_02d11237,1000000,983583,16417,0.983583,0,0.9,1000,0.5,-0.483583
2025-03-05T17:11:12.104659,lnd-bob_03167184,1000000,23542,976458,0.023542,0,0.9,1000,0.5,0.476458
2025-03-05T17:11:12.104661,lnd-carol_02a1b188,1000000,12947,987053,0.012947,0,0.9,1000,0.5,0.487053
2025-03-05T17:11:12.104662,lnd-carol_03167184,1000000,49449,950551,0.049449,0,0.9,1000,0.5,0.450551
2025-03-05T17:11:12.104664,lnd-carol_03ea537d,1000000,934693,65307,0.934693,0,0.9,1000,0.5,-0.434693
2025-03-05T17:11:12.104666,lnd-dave_02cc9501,1000000,968445,31555,0.968445,0,0.9,1000,0.5,-0.468445
2025-03-05T17:11:12.104667,lnd-dave_02d11237,1000000,61836,938164,0.061836,0,0.9,1000,0.5,0.438164
2025-03-05T17:11:12.104669,lnd-eve_02a1b188,1000000,40183,959817,0.040183,0,0.9,1000,0.5,0.459817
2025-03-05T17:11:12.104671,lnd-eve_03167184,1000000,964072,35928,0.964072,0,0.9,1000,0.5,-0.46407200000000004
2025-03-05T17:11:12.104672,lnd-eve_03ea537d,1000000,28084,971916,0.028084,0,0.9,1000,0.5,0.471916
2025-03-05T17:11:12.104677,lnd-carol_02a1b188,1000000,12947,987053,0.012947,0,0.9,1000,0.5,0.487053
2025-03-05T17:11:12.104679,lnd-carol_03167184,1000000,49449,950551,0.049449,0,0.9,1000,0.5,0.450551
2025-03-05T17:11:12.104682,lnd-carol_03ea537d,1000000,934091,65909,0.934091,0,0.9,1000,0.5,-0.434091
2025-03-05T17:11:12.104684,lnd-eve_02a1b188,1000000,40183,959817,0.040183,0,0.9,1000,0.5,0.459817
2025-03-05T17:11:12.104686,lnd-eve_03167184,1000000,964072,35928,0.964072,0,0.9,1000,0.5,-0.46407200000000004
2025-03-05T17:11:12.104688,lnd-eve_03ea537d,1000000,28685,971315,0.028685,0,0.9,1000,0.5,0.471315
2025-03-05T17:11:12.104692,lnd-bob_02cc9501,1000000,953386,46614,0.953386,0,0.9,1000,0.5,-0.45338599999999996
2025-03-05T17:11:12.104694,lnd-bob_02d11237,1000000,983583,16417,0.983583,0,0.9,1000,0.5,-0.483583
2025-03-05T17:11:12.104696,lnd-bob_03167184,1000000,23542,976458,0.023542,0,0.9,1000,0.5,0.476458
2025-03-05T17:11:12.104697,lnd-dave_02cc9501,1000000,970803,29197,0.970803,0,0.9,1000,0.5,-0.47080299999999997
2025-03-05T17:11:12.104699,lnd-dave_02d11237,1000000,62438,937562,0.062438,0,0.9,1000,0.5,0.437562
2025-03-05T17:11:12.104706,lnd-alice_02a1b188,1000000,972987,27013,0.972987,0,0.9,1000,0.5,-0.47298700000000005
2025-03-05T17:11:12.104708,lnd-alice_02cc9501,1000000,32457,967543,0.032457,0,0.9,1000,0.5,0.467543
2025-03-05T17:11:12.104709,lnd-alice_02d11237,1000000,944860,55140,0.94486,0,0.9,1000,0.5,-0.44486000000000003
2025-03-05T17:11:12.104711,lnd-dave_02cc9501,1000000,970803,29197,0.970803,0,0.9,1000,0.5,-0.47080299999999997
2025-03-05T17:11:12.104713,lnd-dave_02d11237,1000000,64657,935343,0.064657,0,0.9,1000,0.5,0.435343
2025-03-05T17:11:12.104717,lnd-carol_02a1b188,1000000,12947,987053,0.012947,0,0.9,1000,0.5,0.487053
2025-03-05T17:11:12.104719,lnd-carol_03167184,1000000,51669,948331,0.051669,0,0.9,1000,0.5,0.448331
2025-03-05T17:11:12.104721,lnd-carol_03ea537d,1000000,929438,70562,0.929438,0,0.9,1000,0.5,-0.429438
2025-03-05T17:11:12.104722,lnd-dave_02cc9501,1000000,970803,29197,0.970803,0,0.9,1000,0.5,-0.47080299999999997
2025-03-05T17:11:12.104726,lnd-dave_02d11237,1000000,67091,932909,0.067091,0,0.9,1000,0.5,0.432909
2025-03-05T17:11:12.104733,lnd-dave_02cc9501,1000000,970803,29197,0.970803,0,0.9,1000,0.5,-0.47080299999999997
2025-03-05T17:11:12.104734,lnd-dave_02d11237,1000000,66447,933553,0.066447,0,0.9,1000,0.5,0.43355299999999997
2025-03-05T17:11:12.104736,lnd-carol_02a1b188,1000000,12947,987053,0.012947,0,0.9,1000,0.5,0.487053
2025-03-05T17:11:12.104737,lnd-carol_03167184,1000000,51669,948331,0.051669,0,0.9,1000,0.5,0.448331
2025-03-05T17:11:12.104739,lnd-carol_03ea537d,1000000,930082,69918,0.930082,0,0.9,1000,0.5,-0.43008199999999996
2025-03-05T17:11:12.104742,lnd-alice_02a1b188,1000000,972987,27013,0.972987,0,0.9,1000,0.5,-0.47298700000000005
2025-03-05T17:11:12.104744,lnd-alice_02cc9501,1000000,32457,967543,0.032457,0,0.9,1000,0.5,0.467543
2025-03-05T17:11:12.104746,lnd-alice_02d11237,1000000,944860,55140,0.94486,0,0.9,1000,0.5,-0.44486000000000003
2025-03-05T17:11:12.104747,lnd-bob_02cc9501,1000000,953386,46614,0.953386,0,0.9,1000,0.5,-0.45338599999999996
2025-03-05T17:11:12.104751,lnd-bob_02d11237,1000000,983583,16417,0.983583,0,0.9,1000,0.5,-0.483583
2025-03-05T17:11:12.104752,lnd-bob_03167184,1000000,23542,976458,0.023542,0,0.9,1000,0.5,0.476458
2025-03-05T17:11:12.104754,lnd-carol_02a1b188,1000000,12947,987053,0.012947,0,0.9,1000,0.5,0.487053
2025-03-05T17:11:12.104756,lnd-carol_03167184,1000000,51669,948331,0.051669,0,0.9,1000,0.5,0.448331
2025-03-05T17:11:12.104757,lnd-carol_03ea537d,1000000,930082,69918,0.930082,0,0.9,1000,0.5,-0.43008199999999996
2025-03-05T17:11:12.104759,lnd-dave_02cc9501,1000000,970803,29197,0.970803,0,0.9,1000,0.5,-0.47080299999999997
2025-03-05T17:11:12.104761,lnd-dave_02d11237,1000000,66447,933553,0.066447,0,0.9,1000,0.5,0.43355299999999997
2025-03-05T17:11:12.104762,lnd-eve_02a1b188,1000000,43143,956857,0.043143,0,0.9,1000,0.5,0.456857
2025-03-05T17:11:12.104764,lnd-eve_03167184,1000000,964072,35928,0.964072,0,0.9,1000,0.5,-0.46407200000000004
2025-03-05T17:11:12.104765,lnd-eve_03ea537d,1000000,25726,974274,0.025726,0,0.9,1000,0.5,0.474274
2025-03-05T17:11:12.104769,lnd-alice_02a1b188,1000000,972094,27906,0.972094,0,0.9,1000,0.5,-0.472094
2025-03-05T17:11:12.104770,lnd-alice_02cc9501,1000000,32457,967543,0.032457,0,0.9,1000,0.5,0.467543
2025-03-05T17:11:12.104772,lnd-alice_02d11237,1000000,944860,55140,0.94486,0,0.9,1000,0.5,-0.44486000000000003
2025-03-05T17:11:12.104775,lnd-bob_02cc9501,1000000,953386,46614,0.953386,0,0.9,1000,0.5,-0.45338599999999996
2025-03-05T17:11:12.104779,lnd-bob_02d11237,1000000,983583,16417,0.983583,0,0.9,1000,0.5,-0.483583
2025-03-05T17:11:12.104781,lnd-bob_03167184,1000000,24435,975565,0.024435,0,0.9,1000,0.5,0.475565
2025-03-05T17:11:12.104786,lnd-alice_02a1b188,1000000,970296,29704,0.970296,0,0.9,1000,0.5,-0.47029600000000005
2025-03-05T17:11:12.104787,lnd-alice_02cc9501,1000000,32457,967543,0.032457,0,0.9,1000,0.5,0.467543
2025-03-05T17:11:12.104789,lnd-alice_02d11237,1000000,944860,55140,0.94486,0,0.9,1000,0.5,-0.44486000000000003
2025-03-05T17:11:12.104791,lnd-bob_02cc9501,1000000,953386,46614,0.953386,0,0.9,1000,0.5,-0.45338599999999996
2025-03-05T17:11:12.104792,lnd-bob_02d11237,1000000,983583,16417,0.983583,0,0.9,1000,0.5,-0.483583
2025-03-05T17:11:12.104794,lnd-bob_03167184,1000000,26233,973767,0.026233,0,0.9,1000,0.5,0.473767
2025-03-05T17:11:12.104804,lnd-eve_02a1b188,1000000,42233,957767,0.042233,0,0.9,1000,0.5,0.457767
2025-03-05T17:11:12.104805,lnd-eve_03167184,1000000,964072,35928,0.964072,0,0.9,1000,0.5,-0.46407200000000004
2025-03-05T17:11:12.104807,lnd-eve_03ea537d,1000000,25726,974274,0.025726,0,0.9,1000,0.5,0.474274
2025-03-05T17:11:12.104809,lnd-bob_02cc9501,1000000,954296,45704,0.954296,0,0.9,1000,0.5,-0.45429600000000003
2025-03-05T17:11:12.104810,lnd-bob_02d11237,1000000,983583,16417,0.983583,0,0.9,1000,0.5,-0.483583
2025-03-05T17:11:12.104812,lnd-bob_03167184,1000000,26233,973767,0.026233,0,0.9,1000,0.5,0.473767
2025-03-05T17:11:12.104817,lnd-eve_02a1b188,1000000,42233,957767,0.042233,0,0.9,1000,0.5,0.457767
2025-03-05T17:11:12.104818,lnd-eve_03167184,1000000,961725,38275,0.961725,0,0.9,1000,0.5,-0.46172500000000005
2025-03-05T17:11:12.104820,lnd-eve_03ea537d,1000000,25726,974274,0.025726,0,0.9,1000,0.5,0.474274
2025-03-05T17:11:12.104822,lnd-alice_02a1b188,1000000,970296,29704,0.970296,0,0.9,1000,0.5,-0.47029600000000005
2025-03-05T17:11:12.104823,lnd-alice_02cc9501,1000000,34804,965196,0.034804,0,0.9,1000,0.5,0.465196
2025-03-05T17:11:12.104827,lnd-alice_02d11237,1000000,944860,55140,0.94486,0,0.9,1000,0.5,-0.44486000000000003
2025-03-05T17:11:12.104832,lnd-dave_02cc9501,1000000,970803,29197,0.970803,0,0.9,1000,0.5,-0.47080299999999997
2025-03-05T17:11:12.104833,lnd-dave_02d11237,1000000,65410,934590,0.06541,0,0.9,1000,0.5,0.43459000000000003
2025-03-05T17:11:12.104835,lnd-carol_02a1b188,1000000,12947,987053,0.012947,0,0.9,1000,0.5,0.487053
2025-03-05T17:11:12.104837,lnd-carol_03167184,1000000,51669,948331,0.051669,0,0.9,1000,0.5,0.448331
2025-03-05T17:11:12.104838,lnd-carol_03ea537d,1000000,931119,68881,0.931119,0,0.9,1000,0.5,-0.43111900000000003
2025-03-05T17:11:12.104841,lnd-alice_02a1b188,1000000,970296,29704,0.970296,0,0.9,1000,0.5,-0.47029600000000005
2025-03-05T17:11:12.104843,lnd-alice_02cc9501,1000000,34804,965196,0.034804,0,0.9,1000,0.5,0.465196
2025-03-05T17:11:12.104845,lnd-alice_02d11237,1000000,944860,55140,0.94486,0,0.9,1000,0.5,-0.44486000000000003
2025-03-05T17:11:12.104846,lnd-bob_02cc9501,1000000,954296,45704,0.954296,0,0.9,1000,0.5,-0.45429600000000003
2025-03-05T17:11:12.104852,lnd-bob_02d11237,1000000,983583,16417,0.983583,0,0.9,1000,0.5,-0.483583
2025-03-05T17:11:12.104853,lnd-bob_03167184,1000000,26233,973767,0.026233,0,0.9,1000,0.5,0.473767
2025-03-05T17:11:12.104855,lnd-carol_02a1b188,1000000,12947,987053,0.012947,0,0.9,1000,0.5,0.487053
2025-03-05T17:11:12.104857,lnd-carol_03167184,1000000,51669,948331,0.051669,0,0.9,1000,0.5,0.448331
2025-03-05T17:11:12.104858,lnd-carol_03ea537d,1000000,931119,68881,0.931119,0,0.9,1000,0.5,-0.43111900000000003
2025-03-05T17:11:12.104860,lnd-dave_02cc9501,1000000,970803,29197,0.970803,0,0.9,1000,0.5,-0.47080299999999997
2025-03-05T17:11:12.104861,lnd-dave_02d11237,1000000,65410,934590,0.06541,0,0.9,1000,0.5,0.43459000000000003
2025-03-05T17:11:12.104863,lnd-eve_02a1b188,1000000,42233,957767,0.042233,0,0.9,1000,0.5,0.457767
2025-03-05T17:11:12.104865,lnd-eve_03167184,1000000,961725,38275,0.961725,0,0.9,1000,0.5,-0.46172500000000005
2025-03-05T17:11:12.104866,lnd-eve_03ea537d,1000000,25726,974274,0.025726,0,0.9,1000,0.5,0.474274
2025-03-05T17:11:12.104870,lnd-eve_02a1b188,1000000,42233,957767,0.042233,0,0.9,1000,0.5,0.457767
2025-03-05T17:11:12.104873,lnd-eve_03167184,1000000,961725,38275,0.961725,0,0.9,1000,0.5,-0.46172500000000005
2025-03-05T17:11:12.104875,lnd-eve_03ea537d,1000000,23606,976394,0.023606,0,0.9,1000,0.5,0.476394
2025-03-05T17:11:12.104878,lnd-dave_02cc9501,1000000,972923,27077,0.972923,0,0.9,1000,0.5,-0.472923
2025-03-05T17:11:12.104880,lnd-dave_02d11237,1000000,65410,934590,0.06541,0,0.9,1000,0.5,0.43459000000000003
2025-03-05T17:11:12.104885,lnd-dave_02cc9501,1000000,972923,27077,0.972923,0,0.9,1000,0.5,-0.472923
2025-03-05T17:11:12.104886,lnd-dave_02d11237,1000000,63690,936310,0.06369,0,0.9,1000,0.5,0.43631
2025-03-05T17:11:12.104888,lnd-carol_02a1b188,1000000,12947,987053,0.012947,0,0.9,1000,0.5,0.487053
2025-03-05T17:11:12.104890,lnd-carol_03167184,1000000,51669,948331,0.051669,0,0.9,1000,0.5,0.448331
2025-03-05T17:11:12.104891,lnd-carol_03ea537d,1000000,932839,67161,0.932839,0,0.9,1000,0.5,-0.432839
2025-03-05T17:11:12.104896,lnd-eve_02a1b188,1000000,42233,957767,0.042233,0,0.9,1000,0.5,0.457767
2025-03-05T17:11:12.104898,lnd-eve_03167184,1000000,961725,38275,0.961725,0,0.9,1000,0.5,-0.46172500000000005
2025-03-05T17:11:12.104901,lnd-eve_03ea537d,1000000,22219,977781,0.022219,0,0.9,1000,0.5,0.477781
2025-03-05T17:11:12.104903,lnd-dave_02cc9501,1000000,974310,25690,0.97431,0,0.9,1000,0.5,-0.47431
2025-03-05T17:11:12.104904,lnd-dave_02d11237,1000000,63690,936310,0.06369,0,0.9,1000,0.5,0.43631
2025-03-05T17:11:12.105068,lnd-alice_02a1b188,1000000,972578,27422,0.972578,0,0.9,1000,0.5,-0.47257800000000005
2025-03-05T17:11:12.105072,lnd-alice_02cc9501,1000000,32457,967543,0.032457,0,0.9,1000,0.5,0.467543
2025-03-05T17:11:12.105074,lnd-alice_02d11237,1000000,949498,50502,0.949498,0,0.9,1000,0.5,-0.44949799999999995
2025-03-05T17:11:12.105076,lnd-bob_02cc9501,1000000,961004,38996,0.961004,0,0.9,1000,0.5,-0.46100399999999997
2025-03-05T17:11:12.105077,lnd-bob_02d11237,1000000,986002,13998,0.986002,0,0.9,1000,0.5,-0.48600200000000005
2025-03-05T17:11:12.105079,lnd-bob_03167184,1000000,23951,976049,0.023951,0,0.9,1000,0.5,0.476049
2025-03-05T17:11:12.105081,lnd-carol_02a1b188,1000000,10528,989472,0.010528,0,0.9,1000,0.5,0.489472
2025-03-05T17:11:12.105082,lnd-carol_03167184,1000000,47031,952969,0.047031,0,0.9,1000,0.5,0.452969
2025-03-05T17:11:12.105084,lnd-carol_03ea537d,1000000,938370,61630,0.93837,0,0.9,1000,0.5,-0.43837000000000004
2025-03-05T17:11:12.105085,lnd-dave_02cc9501,1000000,963686,36314,0.963686,0,0.9,1000,0.5,-0.46368600000000004
2025-03-05T17:11:12.105087,lnd-dave_02d11237,1000000,58159,941841,0.058159,0,0.9,1000,0.5,0.441841
2025-03-05T17:11:12.105089,lnd-eve_02a1b188,1000000,35525,964475,0.035525,0,0.9,1000,0.5,0.46447499999999997
2025-03-05T17:11:12.105091,lnd-eve_03167184,1000000,964072,35928,0.964072,0,0.9,1000,0.5,-0.46407200000000004
2025-03-05T17:11:12.105093,lnd-eve_03ea537d,1000000,32843,967157,0.032843,0,0.9,1000,0.5,0.467157
2025-03-05T17:11:12.105096,lnd-carol_02a1b188,1000000,10528,989472,0.010528,0,0.9,1000,0.5,0.489472
2025-03-05T17:11:12.105097,lnd-carol_03167184,1000000,47031,952969,0.047031,0,0.9,1000,0.5,0.452969
2025-03-05T17:11:12.105099,lnd-carol_03ea537d,1000000,936817,63183,0.936817,0,0.9,1000,0.5,-0.436817
2025-03-05T17:11:12.105101,lnd-dave_02cc9501,1000000,963686,36314,0.963686,0,0.9,1000,0.5,-0.46368600000000004
2025-03-05T17:11:12.105102,lnd-dave_02d11237,1000000,59712,940288,0.059712,0,0.9,1000,0.5,0.440288
2025-03-05T17:11:12.105107,lnd-alice_02a1b188,1000000,972578,27422,0.972578,0,0.9,1000,0.5,-0.47257800000000005
2025-03-05T17:11:12.105109,lnd-alice_02cc9501,1000000,32457,967543,0.032457,0,0.9,1000,0.5,0.467543
2025-03-05T17:11:12.105110,lnd-alice_02d11237,1000000,948156,51844,0.948156,0,0.9,1000,0.5,-0.448156
2025-03-05T17:11:12.105112,lnd-dave_02cc9501,1000000,963686,36314,0.963686,0,0.9,1000,0.5,-0.46368600000000004
2025-03-05T17:11:12.105113,lnd-dave_02d11237,1000000,61053,938947,0.061053,0,0.9,1000,0.5,0.438947
2025-03-05T17:11:12.105120,lnd-eve_02a1b188,1000000,35525,964475,0.035525,0,0.9,1000,0.5,0.46447499999999997
2025-03-05T17:11:12.105122,lnd-eve_03167184,1000000,964072,35928,0.964072,0,0.9,1000,0.5,-0.46407200000000004
2025-03-05T17:11:12.105124,lnd-eve_03ea537d,1000000,31282,968718,0.031282,0,0.9,1000,0.5,0.468718
2025-03-05T17:11:12.105125,lnd-carol_02a1b188,1000000,10528,989472,0.010528,0,0.9,1000,0.5,0.489472
2025-03-05T17:11:12.105127,lnd-carol_03167184,1000000,48373,951627,0.048373,0,0.9,1000,0.5,0.451627
2025-03-05T17:11:12.105128,lnd-carol_03ea537d,1000000,937036,62964,0.937036,0,0.9,1000,0.5,-0.437036
2025-03-05T17:11:12.105133,lnd-bob_02cc9501,1000000,961004,38996,0.961004,0,0.9,1000,0.5,-0.46100399999999997
2025-03-05T17:11:12.105135,lnd-bob_02d11237,1000000,986002,13998,0.986002,0,0.9,1000,0.5,-0.48600200000000005
2025-03-05T17:11:12.105137,lnd-bob_03167184,1000000,22463,977537,0.022463,0,0.9,1000,0.5,0.477537
2025-03-05T17:11:12.105138,lnd-alice_02a1b188,1000000,974066,25934,0.974066,0,0.9,1000,0.5,-0.474066
2025-03-05T17:11:12.105140,lnd-alice_02cc9501,1000000,32457,967543,0.032457,0,0.9,1000,0.5,0.467543
2025-03-05T17:11:12.105141,lnd-alice_02d11237,1000000,948156,51844,0.948156,0,0.9,1000,0.5,-0.448156
2025-03-05T17:11:12.105146,lnd-bob_02cc9501,1000000,961004,38996,0.961004,0,0.9,1000,0.5,-0.46100399999999997
2025-03-05T17:11:12.105148,lnd-bob_02d11237,1000000,983583,16417,0.983583,0,0.9,1000,0.5,-0.483583
2025-03-05T17:11:12.105149,lnd-bob_03167184,1000000,22463,977537,0.022463,0,0.9,1000,0.5,0.477537
2025-03-05T17:11:12.105153,lnd-carol_02a1b188,1000000,12947,987053,0.012947,0,0.9,1000,0.5,0.487053
2025-03-05T17:11:12.105155,lnd-carol_03167184,1000000,48373,951627,0.048373,0,0.9,1000,0.5,0.451627
2025-03-05T17:11:12.105156,lnd-carol_03ea537d,1000000,937036,62964,0.937036,0,0.9,1000,0.5,-0.437036
2025-03-05T17:11:12.105161,lnd-eve_02a1b188,1000000,33081,966919,0.033081,0,0.9,1000,0.5,0.466919
2025-03-05T17:11:12.105163,lnd-eve_03167184,1000000,964072,35928,0.964072,0,0.9,1000,0.5,-0.46407200000000004
2025-03-05T17:11:12.105164,lnd-eve_03ea537d,1000000,31282,968718,0.031282,0,0.9,1000,0.5,0.468718
2025-03-05T17:11:12.105166,lnd-bob_02cc9501,1000000,963448,36552,0.963448,0,0.9,1000,0.5,-0.46344799999999997
2025-03-05T17:11:12.105167,lnd-bob_02d11237,1000000,983583,16417,0.983583,0,0.9,1000,0.5,-0.483583
2025-03-05T17:11:12.105169,lnd-bob_03167184,1000000,22463,977537,0.022463,0,0.9,1000,0.5,0.477537
2025-03-05T17:11:12.105174,lnd-alice_02a1b188,1000000,974066,25934,0.974066,0,0.9,1000,0.5,-0.474066
2025-03-05T17:11:12.105177,lnd-alice_02cc9501,1000000,32457,967543,0.032457,0,0.9,1000,0.5,0.467543
2025-03-05T17:11:12.105179,lnd-alice_02d11237,1000000,947080,52920,0.94708,0,0.9,1000,0.5,-0.44708000000000003
2025-03-05T17:11:12.105181,lnd-dave_02cc9501,1000000,965247,34753,0.965247,0,0.9,1000,0.5,-0.46524699999999997
2025-03-05T17:11:12.105182,lnd-dave_02d11237,1000000,60568,939432,0.060568,0,0.9,1000,0.5,0.439432
2025-03-05T17:11:12.105404,lnd-eve_02a1b188,1000000,33081,966919,0.033081,0,0.9,1000,0.5,0.466919
2025-03-05T17:11:12.105406,lnd-eve_03167184,1000000,964072,35928,0.964072,0,0.9,1000,0.5,-0.46407200000000004
2025-03-05T17:11:12.105408,lnd-eve_03ea537d,1000000,30196,969804,0.030196,0,0.9,1000,0.5,0.469804
2025-03-05T17:11:12.105410,lnd-dave_02cc9501,1000000,966333,33667,0.966333,0,0.9,1000,0.5,-0.466333
2025-03-05T17:11:12.105412,lnd-dave_02d11237,1000000,60568,939432,0.060568,0,0.9,1000,0.5,0.439432
2025-03-05T17:11:12.105416,lnd-bob_02cc9501,1000000,961545,38455,0.961545,0,0.9,1000,0.5,-0.461545
2025-03-05T17:11:12.105418,lnd-bob_02d11237,1000000,983583,16417,0.983583,0,0.9,1000,0.5,-0.483583
2025-03-05T17:11:12.105420,lnd-bob_03167184,1000000,22463,977537,0.022463,0,0.9,1000,0.5,0.477537
2025-03-05T17:11:12.105421,lnd-eve_02a1b188,1000000,34984,965016,0.034984,0,0.9,1000,0.5,0.465016
2025-03-05T17:11:12.105423,lnd-eve_03167184,1000000,964072,35928,0.964072,0,0.9,1000,0.5,-0.46407200000000004
2025-03-05T17:11:12.105425,lnd-eve_03ea537d,1000000,30196,969804,0.030196,0,0.9,1000,0.5,0.469804
2025-03-05T17:11:12.105429,lnd-carol_02a1b188,1000000,12947,987053,0.012947,0,0.9,1000,0.5,0.487053
2025-03-05T17:11:12.105431,lnd-carol_03167184,1000000,49449,950551,0.049449,0,0.9,1000,0.5,0.450551
2025-03-05T17:11:12.105433,lnd-carol_03ea537d,1000000,934698,65302,0.934698,0,0.9,1000,0.5,-0.43469800000000003
2025-03-05T17:11:12.105434,lnd-dave_02cc9501,1000000,966333,33667,0.966333,0,0.9,1000,0.5,-0.466333
2025-03-05T17:11:12.105436,lnd-dave_02d11237,1000000,61831,938169,0.061831,0,0.9,1000,0.5,0.43816900000000003
2025-03-05T17:11:12.105439,lnd-alice_02a1b188,1000000,974066,25934,0.974066,0,0.9,1000,0.5,-0.474066
2025-03-05T17:11:12.105441,lnd-alice_02cc9501,1000000,32457,967543,0.032457,0,0.9,1000,0.5,0.467543
2025-03-05T17:11:12.105442,lnd-alice_02d11237,1000000,947080,52920,0.94708,0,0.9,1000,0.5,-0.44708000000000003
2025-03-05T17:11:12.105444,lnd-bob_02cc9501,1000000,961545,38455,0.961545,0,0.9,1000,0.5,-0.461545
2025-03-05T17:11:12.105445,lnd-bob_02d11237,1000000,983583,16417,0.983583,0,0.9,1000,0.5,-0.483583
2025-03-05T17:11:12.105447,lnd-bob_03167184,1000000,22463,977537,0.022463,0,0.9,1000,0.5,0.477537
2025-03-05T17:11:12.105449,lnd-carol_02a1b188,1000000,12947,987053,0.012947,0,0.9,1000,0.5,0.487053
2025-03-05T17:11:12.105450,lnd-carol_03167184,1000000,49449,950551,0.049449,0,0.9,1000,0.5,0.450551
2025-03-05T17:11:12.105452,lnd-carol_03ea537d,1000000,934698,65302,0.934698,0,0.9,1000,0.5,-0.43469800000000003
2025-03-05T17:11:12.105453,lnd-dave_02cc9501,1000000,966333,33667,0.966333,0,0.9,1000,0.5,-0.466333
2025-03-05T17:11:12.105455,lnd-dave_02d11237,1000000,61831,938169,0.061831,0,0.9,1000,0.5,0.43816900000000003
2025-03-05T17:11:12.105457,lnd-eve_02a1b188,1000000,34984,965016,0.034984,0,0.9,1000,0.5,0.465016
2025-03-05T17:11:12.105458,lnd-eve_03167184,1000000,964072,35928,0.964072,0,0.9,1000,0.5,-0.46407200000000004
2025-03-05T17:11:12.105460,lnd-eve_03ea537d,1000000,30196,969804,0.030196,0,0.9,1000,0.5,0.469804
2025-03-05T17:11:12.105463,lnd-carol_02a1b188,1000000,12947,987053,0.012947,0,0.9,1000,0.5,0.487053
2025-03-05T17:11:12.105465,lnd-carol_03167184,1000000,49449,950551,0.049449,0,0.9,1000,0.5,0.450551
2025-03-05T17:11:12.105466,lnd-carol_03ea537d,1000000,933721,66279,0.933721,0,0.9,1000,0.5,-0.433721
2025-03-05T17:11:12.105468,lnd-eve_02a1b188,1000000,34984,965016,0.034984,0,0.9,1000,0.5,0.465016
2025-03-05T17:11:12.105470,lnd-eve_03167184,1000000,964072,35928,0.964072,0,0.9,1000,0.5,-0.46407200000000004
2025-03-05T17:11:12.105471,lnd-eve_03ea537d,1000000,31172,968828,0.031172,0,0.9,1000,0.5,0.468828
2025-03-05T17:11:12.105476,lnd-alice_02a1b188,1000000,971632,28368,0.971632,0,0.9,1000,0.5,-0.47163200000000005
2025-03-05T17:11:12.105478,lnd-alice_02cc9501,1000000,32457,967543,0.032457,0,0.9,1000,0.5,0.467543
2025-03-05T17:11:12.105479,lnd-alice_02d11237,1000000,947080,52920,0.94708,0,0.9,1000,0.5,-0.44708000000000003
2025-03-05T17:11:12.105481,lnd-bob_02cc9501,1000000,961545,38455,0.961545,0,0.9,1000,0.5,-0.461545
2025-03-05T17:11:12.105482,lnd-bob_02d11237,1000000,983583,16417,0.983583,0,0.9,1000,0.5,-0.483583
2025-03-05T17:11:12.105484,lnd-bob_03167184,1000000,24897,975103,0.024897,0,0.9,1000,0.5,0.475103
2025-03-05T17:11:12.105487,lnd-alice_02a1b188,1000000,971632,28368,0.971632,0,0.9,1000,0.5,-0.47163200000000005
2025-03-05T17:11:12.105489,lnd-alice_02cc9501,1000000,32457,967543,0.032457,0,0.9,1000,0.5,0.467543
2025-03-05T17:11:12.105497,lnd-alice_02d11237,1000000,947080,52920,0.94708,0,0.9,1000,0.5,-0.44708000000000003
2025-03-05T17:11:12.105498,lnd-bob_02cc9501,1000000,961545,38455,0.961545,0,0.9,1000,0.5,-0.461545
2025-03-05T17:11:12.105500,lnd-bob_02d11237,1000000,983583,16417,0.983583,0,0.9,1000,0.5,-0.483583
2025-03-05T17:11:12.105502,lnd-bob_03167184,1000000,24897,975103,0.024897,0,0.9,1000,0.5,0.475103
2025-03-05T17:11:12.105503,lnd-carol_02a1b188,1000000,12947,987053,0.012947,0,0.9,1000,0.5,0.487053
2025-03-05T17:11:12.105505,lnd-carol_03167184,1000000,49449,950551,0.049449,0,0.9,1000,0.5,0.450551
2025-03-05T17:11:12.105506,lnd-carol_03ea537d,1000000,933721,66279,0.933721,0,0.9,1000,0.5,-0.433721
2025-03-05T17:11:12.105508,lnd-dave_02cc9501,1000000,965357,34643,0.965357,0,0.9,1000,0.5,-0.465357
2025-03-05T17:11:12.105510,lnd-dave_02d11237,1000000,62808,937192,0.062808,0,0.9,1000,0.5,0.437192
2025-03-05T17:11:12.105511,lnd-eve_02a1b188,1000000,34984,965016,0.034984,0,0.9,1000,0.5,0.465016
2025-03-05T17:11:12.105513,lnd-eve_03167184,1000000,964072,35928,0.964072,0,0.9,1000,0.5,-0.46407200000000004
2025-03-05T17:11:12.105514,lnd-eve_03ea537d,1000000,31172,968828,0.031172,0,0.9,1000,0.5,0.468828
2025-03-05T17:11:12.105518,lnd-eve_02a1b188,1000000,34984,965016,0.034984,0,0.9,1000,0.5,0.465016
2025-03-05T17:11:12.105519,lnd-eve_03167184,1000000,964072,35928,0.964072,0,0.9,1000,0.5,-0.46407200000000004
2025-03-05T17:11:12.105521,lnd-eve_03ea537d,1000000,30217,969783,0.030217,0,0.9,1000,0.5,0.469783
2025-03-05T17:11:12.105523,lnd-dave_02cc9501,1000000,966312,33688,0.966312,0,0.9,1000,0.5,-0.46631199999999995
2025-03-05T17:11:12.105524,lnd-dave_02d11237,1000000,62808,937192,0.062808,0,0.9,1000,0.5,0.437192
2025-03-05T17:11:12.105529,lnd-eve_02a1b188,1000000,34984,965016,0.034984,0,0.9,1000,0.5,0.465016
2025-03-05T17:11:12.105531,lnd-eve_03167184,1000000,964072,35928,0.964072,0,0.9,1000,0.5,-0.46407200000000004
2025-03-05T17:11:12.105535,lnd-eve_03ea537d,1000000,29158,970842,0.029158,0,0.9,1000,0.5,0.470842
2025-03-05T17:11:12.105536,lnd-carol_02a1b188,1000000,12947,987053,0.012947,0,0.9,1000,0.5,0.487053
2025-03-05T17:11:12.105538,lnd-carol_03167184,1000000,49449,950551,0.049449,0,0.9,1000,0.5,0.450551
2025-03-05T17:11:12.105539,lnd-carol_03ea537d,1000000,934779,65221,0.934779,0,0.9,1000,0.5,-0.434779
2025-03-05T17:11:12.105544,lnd-bob_02cc9501,1000000,961545,38455,0.961545,0,0.9,1000,0.5,-0.461545
2025-03-05T17:11:12.105546,lnd-bob_02d11237,1000000,983583,16417,0.983583,0,0.9,1000,0.5,-0.483583
2025-03-05T17:11:12.105547,lnd-bob_03167184,1000000,23542,976458,0.023542,0,0.9,1000,0.5,0.476458
2025-03-05T17:11:12.105549,lnd-alice_02a1b188,1000000,972987,27013,0.972987,0,0.9,1000,0.5,-0.47298700000000005
2025-03-05T17:11:12.105551,lnd-alice_02cc9501,1000000,32457,967543,0.032457,0,0.9,1000,0.5,0.467543
2025-03-05T17:11:12.105552,lnd-alice_02d11237,1000000,947080,52920,0.94708,0,0.9,1000,0.5,-0.44708000000000003
2025-03-05T17:11:12.105559,lnd-dave_02cc9501,1000000,967371,32629,0.967371,0,0.9,1000,0.5,-0.467371
2025-03-05T17:11:12.105561,lnd-dave_02d11237,1000000,59997,940003,0.059997,0,0.9,1000,0.5,0.440003
2025-03-05T17:11:12.105562,lnd-carol_02a1b188,1000000,12947,987053,0.012947,0,0.9,1000,0.5,0.487053
2025-03-05T17:11:12.105564,lnd-carol_03167184,1000000,49449,950551,0.049449,0,0.9,1000,0.5,0.450551
2025-03-05T17:11:12.105566,lnd-carol_03ea537d,1000000,936532,63468,0.936532,0,0.9,1000,0.5,-0.43653200000000003
2025-03-05T17:11:12.105570,lnd-bob_02cc9501,1000000,960455,39545,0.960455,0,0.9,1000,0.5,-0.46045499999999995
2025-03-05T17:11:12.105572,lnd-bob_02d11237,1000000,983583,16417,0.983583,0,0.9,1000,0.5,-0.483583
2025-03-05T17:11:12.105574,lnd-bob_03167184,1000000,23542,976458,0.023542,0,0.9,1000,0.5,0.476458
2025-03-05T17:11:12.105575,lnd-dave_02cc9501,1000000,968460,31540,0.96846,0,0.9,1000,0.5,-0.46846
2025-03-05T17:11:12.105577,lnd-dave_02d11237,1000000,59997,940003,0.059997,0,0.9,1000,0.5,0.440003
2025-03-05T17:11:12.105584,lnd-carol_02a1b188,1000000,12947,987053,0.012947,0,0.9,1000,0.5,0.487053
2025-03-05T17:11:12.105585,lnd-carol_03167184,1000000,49449,950551,0.049449,0,0.9,1000,0.5,0.450551
2025-03-05T17:11:12.105587,lnd-carol_03ea537d,1000000,934693,65307,0.934693,0,0.9,1000,0.5,-0.434693
2025-03-05T17:11:12.105589,lnd-eve_02a1b188,1000000,36074,963926,0.036074,0,0.9,1000,0.5,0.463926
2025-03-05T17:11:12.105590,lnd-eve_03167184,1000000,964072,35928,0.964072,0,0.9,1000,0.5,-0.46407200000000004
2025-03-05T17:11:12.105592,lnd-eve_03ea537d,1000000,29907,970093,0.029907,0,0.9,1000,0.5,0.470093
2025-03-05T17:11:12.105597,lnd-bob_02cc9501,1000000,958631,41369,0.958631,0,0.9,1000,0.5,-0.458631
2025-03-05T17:11:12.105599,lnd-bob_02d11237,1000000,983583,16417,0.983583,0,0.9,1000,0.5,-0.483583
2025-03-05T17:11:12.105600,lnd-bob_03167184,1000000,23542,976458,0.023542,0,0.9,1000,0.5,0.476458
2025-03-05T17:11:12.105602,lnd-dave_02cc9501,1000000,968445,31555,0.968445,0,0.9,1000,0.5,-0.468445
2025-03-05T17:11:12.105606,lnd-dave_02d11237,1000000,61836,938164,0.061836,0,0.9,1000,0.5,0.438164
2025-03-05T17:11:12.105724,lnd-alice_02a1b188,1000000,973348,26652,0.973348,0,0.9,1000,0.5,-0.473348
2025-03-05T17:11:12.105728,lnd-alice_02cc9501,1000000,33222,966778,0.033222,0,0.9,1000,0.5,0.466778
2025-03-05T17:11:12.105730,lnd-alice_02d11237,1000000,953116,46884,0.953116,0,0.9,1000,0.5,-0.45311599999999996
2025-03-05T17:11:12.105732,lnd-bob_02cc9501,1000000,961866,38134,0.961866,0,0.9,1000,0.5,-0.461866
2025-03-05T17:11:12.105734,lnd-bob_02d11237,1000000,986002,13998,0.986002,0,0.9,1000,0.5,-0.48600200000000005
2025-03-05T17:11:12.105735,lnd-bob_03167184,1000000,23181,976819,0.023181,0,0.9,1000,0.5,0.476819
2025-03-05T17:11:12.105737,lnd-carol_02a1b188,1000000,10528,989472,0.010528,0,0.9,1000,0.5,0.489472
2025-03-05T17:11:12.105739,lnd-carol_03167184,1000000,43413,956587,0.043413,0,0.9,1000,0.5,0.456587
2025-03-05T17:11:12.105740,lnd-carol_03ea537d,1000000,948338,51662,0.948338,0,0.9,1000,0.5,-0.448338
2025-03-05T17:11:12.105742,lnd-dave_02cc9501,1000000,969677,30323,0.969677,0,0.9,1000,0.5,-0.469677
2025-03-05T17:11:12.105743,lnd-dave_02d11237,1000000,48191,951809,0.048191,0,0.9,1000,0.5,0.451809
2025-03-05T17:11:12.105745,lnd-eve_02a1b188,1000000,34663,965337,0.034663,0,0.9,1000,0.5,0.465337
2025-03-05T17:11:12.105747,lnd-eve_03167184,1000000,963307,36693,0.963307,0,0.9,1000,0.5,-0.463307
2025-03-05T17:11:12.105748,lnd-eve_03ea537d,1000000,26852,973148,0.026852,0,0.9,1000,0.5,0.473148
2025-03-05T17:11:12.105751,lnd-bob_02cc9501,1000000,961866,38134,0.961866,0,0.9,1000,0.5,-0.461866
2025-03-05T17:11:12.105755,lnd-bob_02d11237,1000000,986002,13998,0.986002,0,0.9,1000,0.5,-0.48600200000000005
2025-03-05T17:11:12.105757,lnd-bob_03167184,1000000,20771,979229,0.020771,0,0.9,1000,0.5,0.479229
2025-03-05T17:11:12.105758,lnd-alice_02a1b188,1000000,975758,24242,0.975758,0,0.9,1000,0.5,-0.475758
2025-03-05T17:11:12.105760,lnd-alice_02cc9501,1000000,33222,966778,0.033222,0,0.9,1000,0.5,0.466778
2025-03-05T17:11:12.105762,lnd-alice_02d11237,1000000,953116,46884,0.953116,0,0.9,1000,0.5,-0.45311599999999996
2025-03-05T17:11:12.105766,lnd-carol_02a1b188,1000000,10528,989472,0.010528,0,0.9,1000,0.5,0.489472
2025-03-05T17:11:12.105768,lnd-carol_03167184,1000000,41957,958043,0.041957,0,0.9,1000,0.5,0.458043
2025-03-05T17:11:12.105769,lnd-carol_03ea537d,1000000,948338,51662,0.948338,0,0.9,1000,0.5,-0.448338
2025-03-05T17:11:12.105771,lnd-bob_02cc9501,1000000,961866,38134,0.961866,0,0.9,1000,0.5,-0.461866
2025-03-05T17:11:12.105773,lnd-bob_02d11237,1000000,986002,13998,0.986002,0,0.9,1000,0.5,-0.48600200000000005
2025-03-05T17:11:12.105774,lnd-bob_03167184,1000000,22226,977774,0.022226,0,0.9,1000,0.5,0.477774
2025-03-05T17:11:12.105779,lnd-alice_02a1b188,1000000,974303,25697,0.974303,0,0.9,1000,0.5,-0.47430300000000003
2025-03-05T17:11:12.105781,lnd-alice_02cc9501,1000000,30226,969774,0.030226,0,0.9,1000,0.5,0.469774
2025-03-05T17:11:12.105782,lnd-alice_02d11237,1000000,954572,45428,0.954572,0,0.9,1000,0.5,-0.454572
2025-03-05T17:11:12.105784,lnd-eve_02a1b188,1000000,34663,965337,0.034663,0,0.9,1000,0.5,0.465337
2025-03-05T17:11:12.105785,lnd-eve_03167184,1000000,966303,33697,0.966303,0,0.9,1000,0.5,-0.466303
2025-03-05T17:11:12.105787,lnd-eve_03ea537d,1000000,26852,973148,0.026852,0,0.9,1000,0.5,0.473148
2025-03-05T17:11:12.105792,lnd-carol_02a1b188,1000000,10528,989472,0.010528,0,0.9,1000,0.5,0.489472
2025-03-05T17:11:12.105793,lnd-carol_03167184,1000000,40231,959769,0.040231,0,0.9,1000,0.5,0.459769
2025-03-05T17:11:12.105795,lnd-carol_03ea537d,1000000,948338,51662,0.948338,0,0.9,1000,0.5,-0.448338
2025-03-05T17:11:12.105796,lnd-bob_02cc9501,1000000,961866,38134,0.961866,0,0.9,1000,0.5,-0.461866
2025-03-05T17:11:12.105798,lnd-bob_02d11237,1000000,986002,13998,0.986002,0,0.9,1000,0.5,-0.48600200000000005
2025-03-05T17:11:12.105800,lnd-bob_03167184,1000000,23951,976049,0.023951,0,0.9,1000,0.5,0.476049
2025-03-05T17:11:12.106021,lnd-alice_02a1b188,1000000,967598,32402,0.967598,0,0.9,1000,0.5,-0.46759799999999996
2025-03-05T17:11:12.106023,lnd-alice_02cc9501,1000000,40358,959642,0.040358,0,0.9,1000,0.5,0.459642
2025-03-05T17:11:12.106025,lnd-alice_02d11237,1000000,944199,55801,0.944199,0,0.9,1000,0.5,-0.444199
2025-03-05T17:11:12.106027,lnd-bob_02cc9501,1000000,953005,46995,0.953005,0,0.9,1000,0.5,-0.453005
2025-03-05T17:11:12.106028,lnd-bob_02d11237,1000000,981421,18579,0.981421,0,0.9,1000,0.5,-0.481421
2025-03-05T17:11:12.106030,lnd-bob_03167184,1000000,28931,971069,0.028931,0,0.9,1000,0.5,0.471069
2025-03-05T17:11:12.106035,lnd-eve_02a1b188,1000000,43524,956476,0.043524,0,0.9,1000,0.5,0.456476
2025-03-05T17:11:12.106037,lnd-eve_03167184,1000000,956171,43829,0.956171,0,0.9,1000,0.5,-0.456171
2025-03-05T17:11:12.106038,lnd-eve_03ea537d,1000000,27332,972668,0.027332,0,0.9,1000,0.5,0.472668
2025-03-05T17:11:12.106040,lnd-dave_02cc9501,1000000,969197,30803,0.969197,0,0.9,1000,0.5,-0.469197
2025-03-05T17:11:12.106042,lnd-dave_02d11237,1000000,61053,938947,0.061053,0,0.9,1000,0.5,0.438947
2025-03-05T17:11:12.106046,lnd-carol_02a1b188,1000000,15109,984891,0.015109,0,0.9,1000,0.5,0.484891
2025-03-05T17:11:12.106048,lnd-carol_03167184,1000000,52330,947670,0.05233,0,0.9,1000,0.5,0.44767
2025-03-05T17:11:12.106050,lnd-carol_03ea537d,1000000,933158,66842,0.933158,0,0.9,1000,0.5,-0.43315800000000004
2025-03-05T17:11:12.106051,lnd-eve_02a1b188,1000000,43524,956476,0.043524,0,0.9,1000,0.5,0.456476
2025-03-05T17:11:12.106053,lnd-eve_03167184,1000000,956171,43829,0.956171,0,0.9,1000,0.5,-0.456171
2025-03-05T17:11:12.106054,lnd-eve_03ea537d,1000000,29649,970351,0.029649,0,0.9,1000,0.5,0.470351
2025-03-05T17:11:12.106057,lnd-alice_02a1b188,1000000,967598,32402,0.967598,0,0.9,1000,0.5,-0.46759799999999996
2025-03-05T17:11:12.106059,lnd-alice_02cc9501,1000000,40358,959642,0.040358,0,0.9,1000,0.5,0.459642
2025-03-05T17:11:12.106061,lnd-alice_02d11237,1000000,944199,55801,0.944199,0,0.9,1000,0.5,-0.444199
2025-03-05T17:11:12.106062,lnd-bob_02cc9501,1000000,953005,46995,0.953005,0,0.9,1000,0.5,-0.453005
2025-03-05T17:11:12.106064,lnd-bob_02d11237,1000000,981421,18579,0.981421,0,0.9,1000,0.5,-0.481421
2025-03-05T17:11:12.106068,lnd-bob_03167184,1000000,28931,971069,0.028931,0,0.9,1000,0.5,0.471069
2025-03-05T17:11:12.106069,lnd-carol_02a1b188,1000000,15109,984891,0.015109,0,0.9,1000,0.5,0.484891
2025-03-05T17:11:12.106071,lnd-carol_03167184,1000000,52330,947670,0.05233,0,0.9,1000,0.5,0.44767
2025-03-05T17:11:12.106073,lnd-carol_03ea537d,1000000,933158,66842,0.933158,0,0.9,1000,0.5,-0.43315800000000004
2025-03-05T17:11:12.106074,lnd-dave_02cc9501,1000000,966880,33120,0.96688,0,0.9,1000,0.5,-0.46687999999999996
2025-03-05T17:11:12.106076,lnd-dave_02d11237,1000000,63371,936629,0.063371,0,0.9,1000,0.5,0.436629
2025-03-05T17:11:12.106077,lnd-eve_02a1b188,1000000,43524,956476,0.043524,0,0.9,1000,0.5,0.456476
2025-03-05T17:11:12.106079,lnd-eve_03167184,1000000,956171,43829,0.956171,0,0.9,1000,0.5,-0.456171
2025-03-05T17:11:12.106081,lnd-eve_03ea537d,1000000,29649,970351,0.029649,0,0.9,1000,0.5,0.470351
2025-03-05T17:11:12.106084,lnd-dave_02cc9501,1000000,964036,35964,0.964036,0,0.9,1000,0.5,-0.464036
2025-03-05T17:11:12.106085,lnd-dave_02d11237,1000000,63371,936629,0.063371,0,0.9,1000,0.5,0.436629
2025-03-05T17:11:12.106087,lnd-bob_02cc9501,1000000,955848,44152,0.955848,0,0.9,1000,0.5,-0.45584800000000003
2025-03-05T17:11:12.106089,lnd-bob_02d11237,1000000,981421,18579,0.981421,0,0.9,1000,0.5,-0.481421
2025-03-05T17:11:12.106090,lnd-bob_03167184,1000000,28931,971069,0.028931,0,0.9,1000,0.5,0.471069
2025-03-05T17:11:12.106095,lnd-dave_02cc9501,1000000,961334,38666,0.961334,0,0.9,1000,0.5,-0.461334
2025-03-05T17:11:12.106097,lnd-dave_02d11237,1000000,63371,936629,0.063371,0,0.9,1000,0.5,0.436629
2025-03-05T17:11:12.106098,lnd-eve_02a1b188,1000000,40681,959319,0.040681,0,0.9,1000,0.5,0.459319
2025-03-05T17:11:12.106100,lnd-eve_03167184,1000000,956171,43829,0.956171,0,0.9,1000,0.5,-0.456171
2025-03-05T17:11:12.106101,lnd-eve_03ea537d,1000000,35195,964805,0.035195,0,0.9,1000,0.5,0.464805
2025-03-05T17:11:12.106106,lnd-dave_02cc9501,1000000,961334,38666,0.961334,0,0.9,1000,0.5,-0.461334
2025-03-05T17:11:12.106108,lnd-dave_02d11237,1000000,61660,938340,0.06166,0,0.9,1000,0.5,0.43834
2025-03-05T17:11:12.106110,lnd-carol_02a1b188,1000000,15109,984891,0.015109,0,0.9,1000,0.5,0.484891
2025-03-05T17:11:12.106111,lnd-carol_03167184,1000000,52330,947670,0.05233,0,0.9,1000,0.5,0.44767
2025-03-05T17:11:12.106113,lnd-carol_03ea537d,1000000,934869,65131,0.934869,0,0.9,1000,0.5,-0.43486899999999995
2025-03-05T17:11:12.106118,lnd-alice_02a1b188,1000000,967598,32402,0.967598,0,0.9,1000,0.5,-0.46759799999999996
2025-03-05T17:11:12.106120,lnd-alice_02cc9501,1000000,40358,959642,0.040358,0,0.9,1000,0.5,0.459642
2025-03-05T17:11:12.106121,lnd-alice_02d11237,1000000,944199,55801,0.944199,0,0.9,1000,0.5,-0.444199
2025-03-05T17:11:12.106123,lnd-bob_02cc9501,1000000,955848,44152,0.955848,0,0.9,1000,0.5,-0.45584800000000003
2025-03-05T17:11:12.106124,lnd-bob_02d11237,1000000,981421,18579,0.981421,0,0.9,1000,0.5,-0.481421
2025-03-05T17:11:12.106126,lnd-bob_03167184,1000000,28931,971069,0.028931,0,0.9,1000,0.5,0.471069
2025-03-05T17:11:12.106128,lnd-carol_02a1b188,1000000,15109,984891,0.015109,0,0.9,1000,0.5,0.484891
2025-03-05T17:11:12.106129,lnd-carol_03167184,1000000,52330,947670,0.05233,0,0.9,1000,0.5,0.44767
2025-03-05T17:11:12.106131,lnd-carol_03ea537d,1000000,934869,65131,0.934869,0,0.9,1000,0.5,-0.43486899999999995
2025-03-05T17:11:12.106133,lnd-dave_02cc9501,1000000,961334,38666,0.961334,0,0.9,1000,0.5,-0.461334
2025-03-05T17:11:12.106134,lnd-dave_02d11237,1000000,61660,938340,0.06166,0,0.9,1000,0.5,0.43834
2025-03-05T17:11:12.106136,lnd-eve_02a1b188,1000000,40681,959319,0.040681,0,0.9,1000,0.5,0.459319
2025-03-05T17:11:12.106139,lnd-eve_03167184,1000000,956171,43829,0.956171,0,0.9,1000,0.5,-0.456171
2025-03-05T17:11:12.106141,lnd-eve_03ea537d,1000000,35195,964805,0.035195,0,0.9,1000,0.5,0.464805
2025-03-05T17:11:12.106144,lnd-alice_02a1b188,1000000,967598,32402,0.967598,0,0.9,1000,0.5,-0.46759799999999996
2025-03-05T17:11:12.106146,lnd-alice_02cc9501,1000000,40358,959642,0.040358,0,0.9,1000,0.5,0.459642
2025-03-05T17:11:12.106147,lnd-alice_02d11237,1000000,943678,56322,0.943678,0,0.9,1000,0.5,-0.443678
2025-03-05T17:11:12.106149,lnd-dave_02cc9501,1000000,961334,38666,0.961334,0,0.9,1000,0.5,-0.461334
2025-03-05T17:11:12.106150,lnd-dave_02d11237,1000000,62180,937820,0.06218,0,0.9,1000,0.5,0.43782
2025-03-05T17:11:12.106157,lnd-bob_02cc9501,1000000,955848,44152,0.955848,0,0.9,1000,0.5,-0.45584800000000003
2025-03-05T17:11:12.106159,lnd-bob_02d11237,1000000,979234,20766,0.979234,0,0.9,1000,0.5,-0.47923400000000005
2025-03-05T17:11:12.106161,lnd-bob_03167184,1000000,28931,971069,0.028931,0,0.9,1000,0.5,0.471069
2025-03-05T17:11:12.106164,lnd-carol_02a1b188,1000000,17296,982704,0.017296,0,0.9,1000,0.5,0.482704
2025-03-05T17:11:12.106166,lnd-carol_03167184,1000000,52851,947149,0.052851,0,0.9,1000,0.5,0.447149
2025-03-05T17:11:12.106167,lnd-carol_03ea537d,1000000,934349,65651,0.934349,0,0.9,1000,0.5,-0.434349
2025-03-05T17:11:12.106172,lnd-eve_02a1b188,1000000,40681,959319,0.040681,0,0.9,1000,0.5,0.459319
2025-03-05T17:11:12.106174,lnd-eve_03167184,1000000,955024,44976,0.955024,0,0.9,1000,0.5,-0.455024
2025-03-05T17:11:12.106175,lnd-eve_03ea537d,1000000,35195,964805,0.035195,0,0.9,1000,0.5,0.464805
2025-03-05T17:11:12.106177,lnd-alice_02a1b188,1000000,967598,32402,0.967598,0,0.9,1000,0.5,-0.46759799999999996
2025-03-05T17:11:12.106178,lnd-alice_02cc9501,1000000,41505,958495,0.041505,0,0.9,1000,0.5,0.458495
2025-03-05T17:11:12.106180,lnd-alice_02d11237,1000000,943678,56322,0.943678,0,0.9,1000,0.5,-0.443678
2025-03-05T17:11:12.106185,lnd-alice_02a1b188,1000000,967598,32402,0.967598,0,0.9,1000,0.5,-0.46759799999999996
2025-03-05T17:11:12.106191,lnd-alice_02cc9501,1000000,41505,958495,0.041505,0,0.9,1000,0.5,0.458495
2025-03-05T17:11:12.106193,lnd-alice_02d11237,1000000,940926,59074,0.940926,0,0.9,1000,0.5,-0.44092600000000004
2025-03-05T17:11:12.106195,lnd-carol_02a1b188,1000000,17296,982704,0.017296,0,0.9,1000,0.5,0.482704
2025-03-05T17:11:12.106196,lnd-carol_03167184,1000000,55603,944397,0.055603,0,0.9,1000,0.5,0.444397
2025-03-05T17:11:12.106198,lnd-carol_03ea537d,1000000,934349,65651,0.934349,0,0.9,1000,0.5,-0.434349
2025-03-05T17:11:12.106203,lnd-eve_02a1b188,1000000,38390,961610,0.03839,0,0.9,1000,0.5,0.46161
2025-03-05T17:11:12.106204,lnd-eve_03167184,1000000,955024,44976,0.955024,0,0.9,1000,0.5,-0.455024
2025-03-05T17:11:12.106206,lnd-eve_03ea537d,1000000,35195,964805,0.035195,0,0.9,1000,0.5,0.464805
2025-03-05T17:11:12.106208,lnd-bob_02cc9501,1000000,958139,41861,0.958139,0,0.9,1000,0.5,-0.45813899999999996
2025-03-05T17:11:12.106209,lnd-bob_02d11237,1000000,979234,20766,0.979234,0,0.9,1000,0.5,-0.47923400000000005
2025-03-05T17:11:12.106211,lnd-bob_03167184,1000000,28931,971069,0.028931,0,0.9,1000,0.5,0.471069
2025-03-05T17:11:12.106220,lnd-carol_02a1b188,1000000,16436,983564,0.016436,0,0.9,1000,0.5,0.483564
2025-03-05T17:11:12.106222,lnd-carol_03167184,1000000,55603,944397,0.055603,0,0.9,1000,0.5,0.444397
2025-03-05T17:11:12.106223,lnd-carol_03ea537d,1000000,934349,65651,0.934349,0,0.9,1000,0.5,-0.434349
2025-03-05T17:11:12.106225,lnd-bob_02cc9501,1000000,958139,41861,0.958139,0,0.9,1000,0.5,-0.45813899999999996
2025-03-05T17:11:12.106226,lnd-bob_02d11237,1000000,980094,19906,0.980094,0,0.9,1000,0.5,-0.480094
2025-03-05T17:11:12.106228,lnd-bob_03167184,1000000,28931,971069,0.028931,0,0.9,1000,0.5,0.471069
2025-03-05T17:11:12.106500,lnd-eve_02a1b188,1000000,42233,957767,0.042233,0,0.9,1000,0.5,0.457767
2025-03-05T17:11:12.106502,lnd-eve_03167184,1000000,961063,38937,0.961063,0,0.9,1000,0.5,-0.461063
2025-03-05T17:11:12.106503,lnd-eve_03ea537d,1000000,22219,977781,0.022219,0,0.9,1000,0.5,0.477781
2025-03-05T17:11:12.106506,lnd-carol_02a1b188,1000000,12947,987053,0.012947,0,0.9,1000,0.5,0.487053
2025-03-05T17:11:12.106507,lnd-carol_03167184,1000000,52330,947670,0.05233,0,0.9,1000,0.5,0.44767
2025-03-05T17:11:12.106509,lnd-carol_03ea537d,1000000,932839,67161,0.932839,0,0.9,1000,0.5,-0.432839
2025-03-05T17:11:12.106514,lnd-alice_02a1b188,1000000,970296,29704,0.970296,0,0.9,1000,0.5,-0.47029600000000005
2025-03-05T17:11:12.106515,lnd-alice_02cc9501,1000000,33528,966472,0.033528,0,0.9,1000,0.5,0.466472
2025-03-05T17:11:12.106517,lnd-alice_02d11237,1000000,944199,55801,0.944199,0,0.9,1000,0.5,-0.444199
2025-03-05T17:11:12.106519,lnd-eve_02a1b188,1000000,42233,957767,0.042233,0,0.9,1000,0.5,0.457767
2025-03-05T17:11:12.106520,lnd-eve_03167184,1000000,963001,36999,0.963001,0,0.9,1000,0.5,-0.463001
2025-03-05T17:11:12.106522,lnd-eve_03ea537d,1000000,22219,977781,0.022219,0,0.9,1000,0.5,0.477781
2025-03-05T17:11:12.106527,lnd-dave_02cc9501,1000000,972642,27358,0.972642,0,0.9,1000,0.5,-0.472642
2025-03-05T17:11:12.106528,lnd-dave_02d11237,1000000,63690,936310,0.06369,0,0.9,1000,0.5,0.43631
2025-03-05T17:11:12.106530,lnd-alice_02a1b188,1000000,970296,29704,0.970296,0,0.9,1000,0.5,-0.47029600000000005
2025-03-05T17:11:12.106532,lnd-alice_02cc9501,1000000,35195,964805,0.035195,0,0.9,1000,0.5,0.464805
2025-03-05T17:11:12.106533,lnd-alice_02d11237,1000000,944199,55801,0.944199,0,0.9,1000,0.5,-0.444199
2025-03-05T17:11:12.106538,lnd-eve_02a1b188,1000000,42233,957767,0.042233,0,0.9,1000,0.5,0.457767
2025-03-05T17:11:12.106539,lnd-eve_03167184,1000000,960068,39932,0.960068,0,0.9,1000,0.5,-0.46006800000000003
2025-03-05T17:11:12.106541,lnd-eve_03ea537d,1000000,23887,976113,0.023887,0,0.9,1000,0.5,0.476113
2025-03-05T17:11:12.106543,lnd-alice_02a1b188,1000000,970296,29704,0.970296,0,0.9,1000,0.5,-0.47029600000000005
2025-03-05T17:11:12.106544,lnd-alice_02cc9501,1000000,36461,963539,0.036461,0,0.9,1000,0.5,0.463539
2025-03-05T17:11:12.106546,lnd-alice_02d11237,1000000,944199,55801,0.944199,0,0.9,1000,0.5,-0.444199
2025-03-05T17:11:12.106551,lnd-alice_02a1b188,1000000,968964,31036,0.968964,0,0.9,1000,0.5,-0.46896400000000005
2025-03-05T17:11:12.106552,lnd-alice_02cc9501,1000000,36461,963539,0.036461,0,0.9,1000,0.5,0.463539
2025-03-05T17:11:12.106554,lnd-alice_02d11237,1000000,944199,55801,0.944199,0,0.9,1000,0.5,-0.444199
2025-03-05T17:11:12.106555,lnd-bob_02cc9501,1000000,954296,45704,0.954296,0,0.9,1000,0.5,-0.45429600000000003
2025-03-05T17:11:12.106557,lnd-bob_02d11237,1000000,983583,16417,0.983583,0,0.9,1000,0.5,-0.483583
2025-03-05T17:11:12.106559,lnd-bob_03167184,1000000,27565,972435,0.027565,0,0.9,1000,0.5,0.472435
2025-03-05T17:11:12.106564,lnd-eve_02a1b188,1000000,42233,957767,0.042233,0,0.9,1000,0.5,0.457767
2025-03-05T17:11:12.106565,lnd-eve_03167184,1000000,958943,41057,0.958943,0,0.9,1000,0.5,-0.458943
2025-03-05T17:11:12.106567,lnd-eve_03ea537d,1000000,23887,976113,0.023887,0,0.9,1000,0.5,0.476113
2025-03-05T17:11:12.106568,lnd-alice_02a1b188,1000000,968964,31036,0.968964,0,0.9,1000,0.5,-0.46896400000000005
2025-03-05T17:11:12.106570,lnd-alice_02cc9501,1000000,37586,962414,0.037586,0,0.9,1000,0.5,0.462414
2025-03-05T17:11:12.106572,lnd-alice_02d11237,1000000,944199,55801,0.944199,0,0.9,1000,0.5,-0.444199
2025-03-05T17:11:12.106577,lnd-bob_02cc9501,1000000,953005,46995,0.953005,0,0.9,1000,0.5,-0.453005
2025-03-05T17:11:12.106578,lnd-bob_02d11237,1000000,983583,16417,0.983583,0,0.9,1000,0.5,-0.483583
2025-03-05T17:11:12.106580,lnd-bob_03167184,1000000,27565,972435,0.027565,0,0.9,1000,0.5,0.472435
2025-03-05T17:11:12.106581,lnd-eve_02a1b188,1000000,43524,956476,0.043524,0,0.9,1000,0.5,0.456476
2025-03-05T17:11:12.106583,lnd-eve_03167184,1000000,958943,41057,0.958943,0,0.9,1000,0.5,-0.458943
2025-03-05T17:11:12.106585,lnd-eve_03ea537d,1000000,23887,976113,0.023887,0,0.9,1000,0.5,0.476113
2025-03-05T17:11:12.106588,lnd-alice_02a1b188,1000000,968964,31036,0.968964,0,0.9,1000,0.5,-0.46896400000000005
2025-03-05T17:11:12.106589,lnd-alice_02cc9501,1000000,37586,962414,0.037586,0,0.9,1000,0.5,0.462414
2025-03-05T17:11:12.106591,lnd-alice_02d11237,1000000,944199,55801,0.944199,0,0.9,1000,0.5,-0.444199
2025-03-05T17:11:12.106593,lnd-bob_02cc9501,1000000,953005,46995,0.953005,0,0.9,1000,0.5,-0.453005
2025-03-05T17:11:12.106594,lnd-bob_02d11237,1000000,983583,16417,0.983583,0,0.9,1000,0.5,-0.483583
2025-03-05T17:11:12.106596,lnd-bob_03167184,1000000,27565,972435,0.027565,0,0.9,1000,0.5,0.472435
2025-03-05T17:11:12.106597,lnd-carol_02a1b188,1000000,12947,987053,0.012947,0,0.9,1000,0.5,0.487053
2025-03-05T17:11:12.106599,lnd-carol_03167184,1000000,52330,947670,0.05233,0,0.9,1000,0.5,0.44767
2025-03-05T17:11:12.106601,lnd-carol_03ea537d,1000000,932839,67161,0.932839,0,0.9,1000,0.5,-0.432839
2025-03-05T17:11:12.106602,lnd-dave_02cc9501,1000000,972642,27358,0.972642,0,0.9,1000,0.5,-0.472642
2025-03-05T17:11:12.106604,lnd-dave_02d11237,1000000,63690,936310,0.06369,0,0.9,1000,0.5,0.43631
2025-03-05T17:11:12.106605,lnd-eve_02a1b188,1000000,43524,956476,0.043524,0,0.9,1000,0.5,0.456476
2025-03-05T17:11:12.106607,lnd-eve_03167184,1000000,958943,41057,0.958943,0,0.9,1000,0.5,-0.458943
2025-03-05T17:11:12.106609,lnd-eve_03ea537d,1000000,23887,976113,0.023887,0,0.9,1000,0.5,0.476113
2025-03-05T17:11:12.106610,lnd-alice_02a1b188,1000000,968964,31036,0.968964,0,0.9,1000,0.5,-0.46896400000000005
2025-03-05T17:11:12.106612,lnd-alice_02cc9501,1000000,37586,962414,0.037586,0,0.9,1000,0.5,0.462414
2025-03-05T17:11:12.106613,lnd-alice_02d11237,1000000,944199,55801,0.944199,0,0.9,1000,0.5,-0.444199
2025-03-05T17:11:12.106615,lnd-bob_02cc9501,1000000,953005,46995,0.953005,0,0.9,1000,0.5,-0.453005
2025-03-05T17:11:12.106617,lnd-bob_02d11237,1000000,983583,16417,0.983583,0,0.9,1000,0.5,-0.483583
2025-03-05T17:11:12.106618,lnd-bob_03167184,1000000,27565,972435,0.027565,0,0.9,1000,0.5,0.472435
2025-03-05T17:11:12.106620,lnd-carol_02a1b188,1000000,12947,987053,0.012947,0,0.9,1000,0.5,0.487053
2025-03-05T17:11:12.106622,lnd-carol_03167184,1000000,52330,947670,0.05233,0,0.9,1000,0.5,0.44767
2025-03-05T17:11:12.106623,lnd-carol_03ea537d,1000000,932839,67161,0.932839,0,0.9,1000,0.5,-0.432839
2025-03-05T17:11:12.106625,lnd-dave_02cc9501,1000000,972642,27358,0.972642,0,0.9,1000,0.5,-0.472642
2025-03-05T17:11:12.106626,lnd-dave_02d11237,1000000,63690,936310,0.06369,0,0.9,1000,0.5,0.43631
2025-03-05T17:11:12.106630,lnd-eve_02a1b188,1000000,43524,956476,0.043524,0,0.9,1000,0.5,0.456476
2025-03-05T17:11:12.106632,lnd-eve_03167184,1000000,958943,41057,0.958943,0,0.9,1000,0.5,-0.458943
2025-03-05T17:11:12.106634,lnd-eve_03ea537d,1000000,23887,976113,0.023887,0,0.9,1000,0.5,0.476113
2025-03-05T17:11:12.106637,lnd-dave_02cc9501,1000000,972642,27358,0.972642,0,0.9,1000,0.5,-0.472642
2025-03-05T17:11:12.106639,lnd-dave_02d11237,1000000,60812,939188,0.060812,0,0.9,1000,0.5,0.439188
2025-03-05T17:11:12.106640,lnd-carol_02a1b188,1000000,12947,987053,0.012947,0,0.9,1000,0.5,0.487053
2025-03-05T17:11:12.106642,lnd-carol_03167184,1000000,52330,947670,0.05233,0,0.9,1000,0.5,0.44767
2025-03-05T17:11:12.106643,lnd-carol_03ea537d,1000000,935717,64283,0.935717,0,0.9,1000,0.5,-0.435717
2025-03-05T17:11:12.106648,lnd-bob_02cc9501,1000000,953005,46995,0.953005,0,0.9,1000,0.5,-0.453005
2025-03-05T17:11:12.106650,lnd-bob_02d11237,1000000,981421,18579,0.981421,0,0.9,1000,0.5,-0.481421
2025-03-05T17:11:12.106653,lnd-bob_03167184,1000000,27565,972435,0.027565,0,0.9,1000,0.5,0.472435
2025-03-05T17:11:12.106655,lnd-carol_02a1b188,1000000,15109,984891,0.015109,0,0.9,1000,0.5,0.484891
2025-03-05T17:11:12.106657,lnd-carol_03167184,1000000,52330,947670,0.05233,0,0.9,1000,0.5,0.44767
2025-03-05T17:11:12.106658,lnd-carol_03ea537d,1000000,935717,64283,0.935717,0,0.9,1000,0.5,-0.435717
2025-03-05T17:11:12.106663,lnd-eve_02a1b188,1000000,43524,956476,0.043524,0,0.9,1000,0.5,0.456476
2025-03-05T17:11:12.106665,lnd-eve_03167184,1000000,956171,43829,0.956171,0,0.9,1000,0.5,-0.456171
2025-03-05T17:11:12.106666,lnd-eve_03ea537d,1000000,23887,976113,0.023887,0,0.9,1000,0.5,0.476113
2025-03-05T17:11:12.106668,lnd-alice_02a1b188,1000000,968964,31036,0.968964,0,0.9,1000,0.5,-0.46896400000000005
2025-03-05T17:11:12.106670,lnd-alice_02cc9501,1000000,40358,959642,0.040358,0,0.9,1000,0.5,0.459642
2025-03-05T17:11:12.106671,lnd-alice_02d11237,1000000,944199,55801,0.944199,0,0.9,1000,0.5,-0.444199
2025-03-05T17:11:12.106678,lnd-carol_02a1b188,1000000,15109,984891,0.015109,0,0.9,1000,0.5,0.484891
2025-03-05T17:11:12.106680,lnd-carol_03167184,1000000,52330,947670,0.05233,0,0.9,1000,0.5,0.44767
2025-03-05T17:11:12.106681,lnd-carol_03ea537d,1000000,932737,67263,0.932737,0,0.9,1000,0.5,-0.43273700000000004
2025-03-05T17:11:12.106683,lnd-eve_02a1b188,1000000,43524,956476,0.043524,0,0.9,1000,0.5,0.456476
2025-03-05T17:11:12.106684,lnd-eve_03167184,1000000,956171,43829,0.956171,0,0.9,1000,0.5,-0.456171
2025-03-05T17:11:12.106686,lnd-eve_03ea537d,1000000,26866,973134,0.026866,0,0.9,1000,0.5,0.473134
2025-03-05T17:11:12.106691,lnd-bob_02cc9501,1000000,953005,46995,0.953005,0,0.9,1000,0.5,-0.453005
2025-03-05T17:11:12.106692,lnd-bob_02d11237,1000000,981421,18579,0.981421,0,0.9,1000,0.5,-0.481421
2025-03-05T17:11:12.106694,lnd-bob_03167184,1000000,26136,973864,0.026136,0,0.9,1000,0.5,0.473864
2025-03-05T17:11:12.106696,lnd-alice_02a1b188,1000000,970393,29607,0.970393,0,0.9,1000,0.5,-0.47039299999999995
2025-03-05T17:11:12.106697,lnd-alice_02cc9501,1000000,40358,959642,0.040358,0,0.9,1000,0.5,0.459642
2025-03-05T17:11:12.106701,lnd-alice_02d11237,1000000,944199,55801,0.944199,0,0.9,1000,0.5,-0.444199
2025-03-05T17:11:12.106705,lnd-dave_02cc9501,1000000,969663,30337,0.969663,0,0.9,1000,0.5,-0.46966300000000005
2025-03-05T17:11:12.106707,lnd-dave_02d11237,1000000,61053,938947,0.061053,0,0.9,1000,0.5,0.438947
2025-03-05T17:11:12.106709,lnd-carol_02a1b188,1000000,15109,984891,0.015109,0,0.9,1000,0.5,0.484891
2025-03-05T17:11:12.106710,lnd-carol_03167184,1000000,52330,947670,0.05233,0,0.9,1000,0.5,0.44767
2025-03-05T17:11:12.106712,lnd-carol_03ea537d,1000000,935476,64524,0.935476,0,0.9,1000,0.5,-0.435476
2025-03-05T17:11:12.106717,lnd-dave_02cc9501,1000000,966887,33113,0.966887,0,0.9,1000,0.5,-0.46688700000000005
2025-03-05T17:11:12.106718,lnd-dave_02d11237,1000000,61053,938947,0.061053,0,0.9,1000,0.5,0.438947
2025-03-05T17:11:12.106720,lnd-eve_02a1b188,1000000,43524,956476,0.043524,0,0.9,1000,0.5,0.456476
2025-03-05T17:11:12.106724,lnd-eve_03167184,1000000,956171,43829,0.956171,0,0.9,1000,0.5,-0.456171
2025-03-05T17:11:12.106726,lnd-eve_03ea537d,1000000,29642,970358,0.029642,0,0.9,1000,0.5,0.470358
